community,total_population,median_age_proxy,gender_ratio,total_crimes,crime_rate,business_count,business_diversity,avg_building_cost,permit_count,housing_mix
01B,2762.0,38.80536575864227,0.9991634367870398,25.0,0.0,36.0,21.5,207562.03252331127,96.0,8.0
01F,2762.0,38.80536575864227,0.9991634367870398,11.0,0.0,36.0,21.5,207562.03252331127,96.0,8.0
01I,2762.0,38.80536575864227,0.9991634367870398,1.0,0.0,36.0,21.5,207562.03252331127,96.0,8.0
01K,2762.0,38.80536575864227,0.9991634367870398,87.0,0.0,36.0,21.5,207562.03252331127,96.0,8.0
02B,2762.0,38.80536575864227,0.9991634367870398,3.0,0.0,36.0,21.5,207562.03252331127,96.0,8.0
02C,2762.0,38.80536575864227,0.9991634367870398,21.0,0.0,36.0,21.5,207562.03252331127,96.0,8.0
02E,2762.0,38.80536575864227,0.9991634367870398,473.0,0.0,36.0,21.5,207562.03252331127,96.0,8.0
02F,2762.0,38.80536575864227,0.9991634367870398,29.0,0.0,36.0,21.5,207562.03252331127,96.0,8.0
02K,2762.0,38.80536575864227,0.9991634367870398,6.0,0.0,36.0,21.5,207562.03252331127,96.0,8.0
02L,2762.0,38.80536575864227,0.9991634367870398,1.0,0.0,36.0,21.5,207562.03252331127,96.0,8.0
03W,2762.0,38.80536575864227,0.9991634367870398,26.0,0.0,36.0,21.5,207562.03252331127,96.0,8.0
05D,2762.0,38.80536575864227,0.9991634367870398,24.0,0.0,36.0,21.5,207562.03252331127,96.0,8.0
05F,2762.0,38.80536575864227,0.9991634367870398,12.0,0.0,36.0,21.5,207562.03252331127,96.0,8.0
06A,2762.0,38.80536575864227,0.9991634367870398,12.0,0.0,36.0,21.5,207562.03252331127,96.0,8.0
06B,2762.0,38.80536575864227,0.9991634367870398,5.0,0.0,36.0,21.5,207562.03252331127,96.0,8.0
06C,2762.0,38.80536575864227,0.9991634367870398,2.0,0.0,36.0,21.5,207562.03252331127,96.0,8.0
09H,2762.0,38.80536575864227,0.9991634367870398,9.0,0.0,36.0,21.5,207562.03252331127,96.0,8.0
09K,2762.0,38.80536575864227,0.9991634367870398,43.0,0.0,36.0,21.5,207562.03252331127,96.0,8.0
09O,2762.0,38.80536575864227,0.9991634367870398,83.0,0.0,36.0,21.5,207562.03252331127,96.0,8.0
09P,2762.0,38.80536575864227,0.9991634367870398,22.0,0.0,36.0,21.5,207562.03252331127,96.0,8.0
09Q,2762.0,38.80536575864227,0.9991634367870398,63.0,0.0,36.0,21.5,207562.03252331127,96.0,8.0
10D,2762.0,38.80536575864227,0.9991634367870398,20.0,0.0,36.0,21.5,207562.03252331127,96.0,8.0
10E,2762.0,38.80536575864227,0.9991634367870398,130.0,0.0,36.0,21.5,207562.03252331127,96.0,8.0
12A,2762.0,38.80536575864227,0.9991634367870398,359.0,0.0,36.0,21.5,207562.03252331127,96.0,8.0
12B,2762.0,38.80536575864227,0.9991634367870398,24.0,0.0,36.0,21.5,207562.03252331127,96.0,8.0
12C,2762.0,38.80536575864227,0.9991634367870398,6.0,0.0,36.0,21.5,207562.03252331127,96.0,8.0
12I,2762.0,38.80536575864227,0.9991634367870398,4.0,0.0,36.0,21.5,207562.03252331127,96.0,8.0
12J,2762.0,38.80536575864227,0.9991634367870398,88.0,0.0,36.0,21.5,207562.03252331127,96.0,8.0
12K,2762.0,38.80536575864227,0.9991634367870398,2.0,0.0,36.0,21.5,207562.03252331127,96.0,8.0
12L,2762.0,38.80536575864227,0.9991634367870398,32.0,0.0,36.0,21.5,207562.03252331127,96.0,8.0
13A,2762.0,38.80536575864227,0.9991634367870398,2.0,0.0,36.0,21.5,207562.03252331127,96.0,8.0
13C,2762.0,38.80536575864227,0.9991634367870398,1.0,0.0,36.0,21.5,207562.03252331127,96.0,8.0
13E,2762.0,38.80536575864227,0.9991634367870398,1.0,0.0,36.0,21.5,207562.03252331127,96.0,8.0
13F,2762.0,38.80536575864227,0.9991634367870398,30.0,0.0,36.0,21.5,207562.03252331127,96.0,8.0
13G,2762.0,38.80536575864227,0.9991634367870398,19.0,0.0,36.0,21.5,207562.03252331127,96.0,8.0
13M,2762.0,38.80536575864227,0.9991634367870398,10.0,0.0,36.0,21.5,207562.03252331127,96.0,8.0
ABB,5951.0,35.42261804738699,1.0556131260794472,465.0,0.0,36.0,21.5,207562.03252331127,96.0,8.0
ABBEYDALE,2762.0,38.80536575864227,0.9991634367870398,773.0,0.0,9.0,9.0,23947.612692307695,60.0,9.0
ABP,0.0,38.80536575864227,0.9991634367870398,465.0,0.0,36.0,21.5,207562.03252331127,96.0,8.0
ACA,10481.0,41.752504532010306,1.0268806807193966,465.0,0.0,36.0,21.5,207562.03252331127,96.0,8.0
ACADIA,2762.0,38.80536575864227,0.9991634367870398,2020.0,0.0,198.0,59.0,91879.66485294118,218.0,13.0
ALB,6987.0,35.188707599828255,1.0794642857142858,465.0,0.0,36.0,21.5,207562.03252331127,96.0,8.0
ALBERT PARK/RADISSON HEIGHTS,2762.0,38.80536575864227,0.9991634367870398,2130.0,0.0,64.0,41.0,205442.8619318182,111.0,12.0
ALPINE PARK,2762.0,38.80536575864227,0.9991634367870398,22.0,0.0,36.0,21.5,295449.4336746988,334.0,9.0
ALT,6929.0,34.62830134218502,0.9601131541725602,465.0,0.0,36.0,21.5,207562.03252331127,96.0,8.0
ALTADORE,2762.0,38.80536575864227,0.9991634367870398,1086.0,0.0,84.0,32.0,224813.05149051492,501.0,10.0
ALYTH/BONNYBROOK,2762.0,38.80536575864227,0.9991634367870398,592.0,0.0,226.0,67.0,1165574.232142857,73.0,8.0
AMBLERIDGE,2762.0,38.80536575864227,0.9991634367870398,465.0,0.0,36.0,21.5,331827.855,2.0,1.0
AMBLETON,2762.0,38.80536575864227,0.9991634367870398,15.0,0.0,36.0,21.5,257802.83945945947,75.0,4.0
APP,6959.0,36.60928294295157,1.0353904650482597,465.0,0.0,36.0,21.5,207562.03252331127,96.0,8.0
APPLEWOOD PARK,2762.0,38.80536575864227,0.9991634367870398,729.0,0.0,5.0,5.0,21944.715333333334,49.0,6.0
ARB,10590.0,41.367894239848916,0.9531538177794172,465.0,0.0,36.0,21.5,207562.03252331127,96.0,8.0
ARBOUR LAKE,2762.0,38.80536575864227,0.9991634367870398,1411.0,0.0,202.0,71.0,300923.69982817874,303.0,11.0
ASP,9417.0,33.03387490708293,0.9754562617998741,465.0,0.0,36.0,21.5,207562.03252331127,96.0,8.0
ASPEN WOODS,2762.0,38.80536575864227,0.9991634367870398,573.0,0.0,50.0,23.0,345115.6396944445,372.0,10.0
AUB,17553.0,30.059875804705747,0.9876571169742951,465.0,0.0,36.0,21.5,207562.03252331127,96.0,8.0
AUBURN BAY,2762.0,38.80536575864227,0.9991634367870398,1041.0,0.0,22.0,17.0,207499.12989810773,704.0,11.0
AURORA BUSINESS PARK,2762.0,38.80536575864227,0.9991634367870398,105.0,0.0,35.0,24.0,267857.14285714284,7.0,1.0
AYB,0.0,38.80536575864227,0.9991634367870398,465.0,0.0,36.0,21.5,207562.03252331127,96.0,8.0
BANFF TRAIL,2762.0,38.80536575864227,0.9991634367870398,1387.0,0.0,65.0,36.0,199127.68556291392,204.0,11.0
BANKVIEW,2762.0,38.80536575864227,0.9991634367870398,1546.0,0.0,99.0,29.0,194549.48012658226,112.0,10.0
BAYVIEW,2762.0,38.80536575864227,0.9991634367870398,109.0,0.0,30.0,14.0,410314.28095238097,21.0,5.0
BDO,925.0,40.02216216216216,1.1167048054919908,465.0,0.0,36.0,21.5,207562.03252331127,96.0,8.0
BED,11478.0,37.95491374803973,0.9968684759916493,465.0,0.0,36.0,21.5,207562.03252331127,96.0,8.0
BEDDINGTON HEIGHTS,2762.0,38.80536575864227,0.9991634367870398,1365.0,0.0,53.0,29.0,36851.487898550724,161.0,10.0
BEL,381.0,45.81758530183727,0.934010152284264,465.0,0.0,36.0,21.5,207562.03252331127,96.0,8.0
BEL-AIRE,2762.0,38.80536575864227,0.9991634367870398,61.0,0.0,36.0,21.5,349331.36285714287,30.0,5.0
BELMONT,2762.0,38.80536575864227,0.9991634367870398,47.0,0.0,5.0,3.0,399839.5905279503,330.0,8.0
BELTLINE,2762.0,38.80536575864227,0.9991634367870398,10833.0,0.0,963.0,177.0,829555.8299292035,641.0,11.0
BELVEDERE,2762.0,38.80536575864227,0.9991634367870398,284.0,0.0,46.0,23.0,556457.9456034482,118.0,11.0
BLM,53.0,29.78301886792453,1.2083333333333333,465.0,0.0,36.0,21.5,207562.03252331127,96.0,8.0
BLN,24342.0,36.171288308273766,1.1537780923730314,465.0,0.0,36.0,21.5,207562.03252331127,96.0,8.0
BNF,4100.0,34.27621951219512,1.2222222222222223,465.0,0.0,36.0,21.5,207562.03252331127,96.0,8.0
BNK,5239.0,36.29948463447223,1.0520955738347042,465.0,0.0,36.0,21.5,207562.03252331127,96.0,8.0
BONAVISTA DOWNS,2762.0,38.80536575864227,0.9991634367870398,68.0,0.0,7.0,7.0,185565.60571428572,15.0,6.0
BOW,11113.0,39.4834428147215,0.9965864175350342,465.0,0.0,36.0,21.5,207562.03252331127,96.0,8.0
BOWNESS,2762.0,38.80536575864227,0.9991634367870398,2688.0,0.0,154.0,74.0,182209.1053442623,397.0,14.0
BRA,5785.0,40.058254105445116,0.9656812776078831,465.0,0.0,36.0,21.5,207562.03252331127,96.0,8.0
BRAESIDE,2762.0,38.80536575864227,0.9991634367870398,582.0,0.0,34.0,22.0,56618.25542857143,79.0,11.0
BRD,6822.0,40.80035180299033,0.9222316145393068,465.0,0.0,36.0,21.5,207562.03252331127,96.0,8.0
BRE,7251.0,37.748034753827056,1.011373092926491,465.0,0.0,36.0,21.5,207562.03252331127,96.0,8.0
BRENTWOOD,2762.0,38.80536575864227,0.9991634367870398,1593.0,0.0,177.0,60.0,211151.2303314917,198.0,11.0
BRI,12608.0,33.72239847715736,0.9703078606032193,465.0,0.0,36.0,21.5,207562.03252331127,96.0,8.0
BRIDGELAND/RIVERSIDE,2762.0,38.80536575864227,0.9991634367870398,2301.0,0.0,149.0,59.0,451705.4559195402,245.0,14.0
BRIDLEWOOD,2762.0,38.80536575864227,0.9991634367870398,606.0,0.0,34.0,20.0,99841.14886597938,399.0,11.0
BRITANNIA,2762.0,38.80536575864227,0.9991634367870398,145.0,0.0,24.0,13.0,312101.9317857143,41.0,5.0
BRT,685.0,45.1948905109489,0.9855072463768116,465.0,0.0,36.0,21.5,207562.03252331127,96.0,8.0
BUR,0.0,38.80536575864227,0.9991634367870398,465.0,0.0,36.0,21.5,207562.03252331127,96.0,8.0
BURNS INDUSTRIAL,2762.0,38.80536575864227,0.9991634367870398,464.0,0.0,200.0,57.0,162939.88461538462,71.0,6.0
BVD,0.0,38.80536575864227,0.9991634367870398,465.0,0.0,36.0,21.5,207562.03252331127,96.0,8.0
BYV,751.0,43.00332889480693,0.9158163265306123,465.0,0.0,36.0,21.5,207562.03252331127,96.0,8.0
CALGARY INTERNATIONAL AIRPORT,2762.0,38.80536575864227,0.9991634367870398,1162.0,0.0,192.0,58.0,883717.2482269504,149.0,7.0
CAM,2032.0,39.84079724409449,1.0158730158730158,465.0,0.0,36.0,21.5,207562.03252331127,96.0,8.0
CAMBRIAN HEIGHTS,2762.0,38.80536575864227,0.9991634367870398,299.0,0.0,21.0,12.0,134229.1061904762,68.0,8.0
CAN,7606.0,40.548251380489084,1.0089804543053353,465.0,0.0,36.0,21.5,207562.03252331127,96.0,8.0
CANADA OLYMPIC PARK,2762.0,38.80536575864227,0.9991634367870398,44.0,0.0,9.0,8.0,2020465.6805555555,21.0,4.0
CANYON MEADOWS,2762.0,38.80536575864227,0.9991634367870398,952.0,0.0,39.0,24.0,68715.93714285713,126.0,9.0
CAP,4725.0,36.180952380952384,1.115987460815047,465.0,0.0,36.0,21.5,207562.03252331127,96.0,8.0
CAPITOL HILL,2762.0,38.80536575864227,0.9991634367870398,1408.0,0.0,86.0,41.0,190707.31476394853,291.0,12.0
CAR,557.0,30.90664272890485,1.0254545454545454,465.0,0.0,36.0,21.5,207562.03252331127,96.0,8.0
CARRINGTON,2762.0,38.80536575864227,0.9991634367870398,179.0,0.0,38.0,20.0,293555.62637744035,471.0,9.0
CAS,6045.0,34.48089330024814,1.0645491803278688,465.0,0.0,36.0,21.5,207562.03252331127,96.0,8.0
CASTLERIDGE,2762.0,38.80536575864227,0.9991634367870398,936.0,0.0,9.0,9.0,51340.02301886793,70.0,9.0
CED,6072.0,40.038125823451914,0.9656846876011654,465.0,0.0,36.0,21.5,207562.03252331127,96.0,8.0
CEDARBRAE,2762.0,38.80536575864227,0.9991634367870398,496.0,0.0,15.0,10.0,67985.1844262295,67.0,11.0
CFB - CURRIE,2762.0,38.80536575864227,0.9991634367870398,465.0,0.0,36.0,21.5,27558.6,6.0,3.0
CFB - LINCOLN PARK PMQ,2762.0,38.80536575864227,0.9991634367870398,465.0,0.0,36.0,21.5,21370.333333333332,9.0,1.0
CFC,405.0,30.75925925925926,1.1204188481675392,465.0,0.0,36.0,21.5,207562.03252331127,96.0,8.0
CFH,0.0,38.80536575864227,0.9991634367870398,465.0,0.0,36.0,21.5,207562.03252331127,96.0,8.0
CFL,2065.0,36.747941888619856,0.8858447488584474,465.0,0.0,36.0,21.5,207562.03252331127,96.0,8.0
CGR,6979.0,31.88357930935664,0.9905875641756988,465.0,0.0,36.0,21.5,207562.03252331127,96.0,8.0
CHA,12626.0,34.657215270077614,0.9908546199936928,465.0,0.0,36.0,21.5,207562.03252331127,96.0,8.0
CHAPARRAL,2762.0,38.80536575864227,0.9991634367870398,584.0,0.0,19.0,15.0,135829.74524249422,444.0,11.0
CHARLESWOOD,2762.0,38.80536575864227,0.9991634367870398,442.0,0.0,15.0,5.0,83906.60723809524,124.0,8.0
CHINATOWN,2762.0,38.80536575864227,0.9991634367870398,464.0,0.0,157.0,52.0,149979.46031746033,66.0,7.0
CHINOOK PARK,2762.0,38.80536575864227,0.9991634367870398,201.0,0.0,9.0,4.0,49530.292285714284,37.0,3.0
CHK,1655.0,43.41691842900302,0.9470588235294117,465.0,0.0,36.0,21.5,207562.03252331127,96.0,8.0
CHN,2455.0,47.66374745417515,0.964,465.0,0.0,36.0,21.5,207562.03252331127,96.0,8.0
CHR,2121.0,46.5999528524281,0.9022421524663677,465.0,0.0,36.0,21.5,207562.03252331127,96.0,8.0
CHRISTIE PARK,2762.0,38.80536575864227,0.9991634367870398,205.0,0.0,12.0,9.0,86969.4345,21.0,4.0
CHV,2589.0,46.570683661645425,0.830975954738331,465.0,0.0,36.0,21.5,207562.03252331127,96.0,8.0
CHW,3556.0,40.423790776152984,1.0991735537190082,465.0,0.0,36.0,21.5,207562.03252331127,96.0,8.0
CIA,0.0,38.80536575864227,0.9991634367870398,465.0,0.0,36.0,21.5,207562.03252331127,96.0,8.0
CIN,0.0,38.80536575864227,0.9991634367870398,465.0,0.0,36.0,21.5,207562.03252331127,96.0,8.0
CIT,10044.0,36.50283751493429,0.9795033504138747,465.0,0.0,36.0,21.5,207562.03252331127,96.0,8.0
CITADEL,2762.0,38.80536575864227,0.9991634367870398,400.0,0.0,4.0,4.0,55983.74941176471,281.0,8.0
CITYSCAPE,2762.0,38.80536575864227,0.9991634367870398,334.0,0.0,26.0,15.0,340120.2391135734,374.0,9.0
CLI,1871.0,36.48156066274719,0.9861995753715499,465.0,0.0,36.0,21.5,207562.03252331127,96.0,8.0
CLIFF BUNGALOW,2762.0,38.80536575864227,0.9991634367870398,979.0,0.0,133.0,45.0,1001503.6262711865,67.0,12.0
CNS,2634.0,32.70387243735763,1.150204081632653,465.0,0.0,36.0,21.5,207562.03252331127,96.0,8.0
COA,3223.0,41.49301892646603,0.8836937463471654,465.0,0.0,36.0,21.5,207562.03252331127,96.0,8.0
COACH HILL,2762.0,38.80536575864227,0.9991634367870398,244.0,0.0,36.0,21.5,51241.68264705882,35.0,5.0
COL,2243.0,41.173651359786,0.9991087344028521,465.0,0.0,36.0,21.5,207562.03252331127,96.0,8.0
COLLINGWOOD,2762.0,38.80536575864227,0.9991634367870398,339.0,0.0,35.0,19.0,120459.11850746268,90.0,9.0
CON,0.0,38.80536575864227,0.9991634367870398,465.0,0.0,36.0,21.5,207562.03252331127,96.0,8.0
COP,0.0,38.80536575864227,0.9991634367870398,465.0,0.0,36.0,21.5,207562.03252331127,96.0,8.0
COPPERFIELD,2762.0,38.80536575864227,0.9991634367870398,795.0,0.0,33.0,22.0,215617.10843410852,655.0,10.0
COR,5790.0,38.973056994818656,1.0452137054044508,465.0,0.0,36.0,21.5,207562.03252331127,96.0,8.0
CORAL SPRINGS,2762.0,38.80536575864227,0.9991634367870398,512.0,0.0,10.0,8.0,58776.71637362637,98.0,7.0
CORNERSTONE,2762.0,38.80536575864227,0.9991634367870398,314.0,0.0,36.0,15.0,235407.8857246377,992.0,10.0
COU,3757.0,39.133484162895925,0.9618798955613577,465.0,0.0,36.0,21.5,207562.03252331127,96.0,8.0
COUGAR RIDGE,2762.0,38.80536575864227,0.9991634367870398,365.0,0.0,4.0,4.0,125946.24992673991,282.0,8.0
COUNTRY HILLS,2762.0,38.80536575864227,0.9991634367870398,343.0,0.0,51.0,25.0,60388.94,109.0,12.0
COUNTRY HILLS VILLAGE,2762.0,38.80536575864227,0.9991634367870398,635.0,0.0,60.0,32.0,1076525.6557142858,49.0,6.0
COV,17534.0,32.33526291775978,1.0237765466297322,465.0,0.0,36.0,21.5,207562.03252331127,96.0,8.0
COVENTRY HILLS,2762.0,38.80536575864227,0.9991634367870398,1117.0,0.0,36.0,20.0,79001.17284848484,693.0,10.0
CPF,13791.0,30.111957073453702,1.0197715289982425,465.0,0.0,36.0,21.5,207562.03252331127,96.0,8.0
CRA,19844.0,33.669698649465836,0.99037111334002,465.0,0.0,36.0,21.5,207562.03252331127,96.0,8.0
CRANSTON,2762.0,38.80536575864227,0.9991634367870398,1016.0,0.0,24.0,13.0,189780.546261586,986.0,10.0
CRE,6594.0,38.482711555959966,1.0091407678244972,465.0,0.0,36.0,21.5,207562.03252331127,96.0,8.0
CRESCENT HEIGHTS,2762.0,38.80536575864227,0.9991634367870398,2337.0,0.0,261.0,66.0,222499.40069182392,211.0,14.0
CRESTMONT,2762.0,38.80536575864227,0.9991634367870398,128.0,0.0,6.0,4.0,230742.5282882883,113.0,6.0
CRM,1686.0,34.939798339264534,1.0119331742243436,465.0,0.0,36.0,21.5,207562.03252331127,96.0,8.0
CRV,2.0,69.5,0.9991634367870398,465.0,0.0,36.0,21.5,207562.03252331127,96.0,8.0
CSC,3099.0,29.692642787996128,1.001937984496124,465.0,0.0,36.0,21.5,207562.03252331127,96.0,8.0
CUR,1260.0,35.90873015873016,0.8947368421052632,465.0,0.0,36.0,21.5,207562.03252331127,96.0,8.0
CURRIE BARRACKS,2762.0,38.80536575864227,0.9991634367870398,81.0,0.0,16.0,14.0,523951.9281081081,77.0,11.0
DAL,8880.0,39.27820945945946,0.9941612396137436,465.0,0.0,36.0,21.5,207562.03252331127,96.0,8.0
DALHOUSIE,2762.0,38.80536575864227,0.9991634367870398,1068.0,0.0,45.0,23.0,53771.03323076923,149.0,12.0
DBC,0.0,38.80536575864227,0.9991634367870398,465.0,0.0,36.0,21.5,207562.03252331127,96.0,8.0
DDG,12847.0,40.40161127111388,1.01111458985598,465.0,0.0,36.0,21.5,207562.03252331127,96.0,8.0
DEER RIDGE,2762.0,38.80536575864227,0.9991634367870398,416.0,0.0,65.0,34.0,132961.620877193,61.0,10.0
DEER RUN,2762.0,38.80536575864227,0.9991634367870398,298.0,0.0,6.0,6.0,20080.702954545457,48.0,7.0
DEERFOOT BUSINESS CENTRE,2762.0,38.80536575864227,0.9991634367870398,340.0,0.0,132.0,54.0,612566.2409638554,83.0,6.0
DGN,2584.0,28.866292569659443,1.0475435816164818,465.0,0.0,36.0,21.5,207562.03252331127,96.0,8.0
DIA,690.0,46.10144927536232,1.072072072072072,465.0,0.0,36.0,21.5,207562.03252331127,96.0,8.0
DIAMOND COVE,2762.0,38.80536575864227,0.9991634367870398,52.0,0.0,36.0,21.5,29331.139000000003,10.0,2.0
DIS,4273.0,39.65188392230283,0.966405890473999,465.0,0.0,36.0,21.5,207562.03252331127,96.0,8.0
DISCOVERY RIDGE,2762.0,38.80536575864227,0.9991634367870398,255.0,0.0,5.0,5.0,147455.96929032257,161.0,10.0
DNC,8547.0,36.09576459576459,1.0545673076923077,465.0,0.0,36.0,21.5,207562.03252331127,96.0,8.0
DNE,3875.0,42.214193548387094,1.4618805590851334,465.0,0.0,36.0,21.5,207562.03252331127,96.0,8.0
DNW,2778.0,38.53509719222462,1.0950226244343892,465.0,0.0,36.0,21.5,207562.03252331127,96.0,8.0
DOU,0.0,38.80536575864227,0.9991634367870398,465.0,0.0,36.0,21.5,207562.03252331127,96.0,8.0
DOUGLASDALE/GLEN,2762.0,38.80536575864227,0.9991634367870398,1005.0,0.0,68.0,26.0,555241.4299557522,231.0,13.0
DOV,10329.0,40.250266240681576,1.0761809045226132,465.0,0.0,36.0,21.5,207562.03252331127,96.0,8.0
DOVER,2762.0,38.80536575864227,0.9991634367870398,2326.0,0.0,41.0,28.0,105513.43928571428,124.0,11.0
DOWNTOWN COMMERCIAL CORE,2762.0,38.80536575864227,0.9991634367870398,7709.0,0.0,854.0,171.0,1116980.3172476448,1530.0,8.0
DOWNTOWN EAST VILLAGE,2762.0,38.80536575864227,0.9991634367870398,2264.0,0.0,63.0,37.0,1911549.862745098,54.0,8.0
DOWNTOWN WEST END,2762.0,38.80536575864227,0.9991634367870398,688.0,0.0,50.0,35.0,195347.868852459,66.0,9.0
DRG,3960.0,38.13383838383838,0.9232637202525498,465.0,0.0,36.0,21.5,207562.03252331127,96.0,8.0
DRN,5050.0,41.37148514851485,1.0256718812675492,465.0,0.0,36.0,21.5,207562.03252331127,96.0,8.0
EAG,294.0,49.33843537414966,1.1304347826086956,465.0,0.0,36.0,21.5,207562.03252331127,96.0,8.0
EAGLE RIDGE,2762.0,38.80536575864227,0.9991634367870398,278.0,0.0,5.0,3.0,1429754.6500000001,16.0,2.0
EAST FAIRVIEW INDUSTRIAL,2762.0,38.80536575864227,0.9991634367870398,538.0,0.0,154.0,63.0,912410.9416666667,63.0,5.0
EAST SHEPARD INDUSTRIAL,2762.0,38.80536575864227,0.9991634367870398,1124.0,0.0,565.0,113.0,1694310.81985782,222.0,4.0
EASTFIELD,2762.0,38.80536575864227,0.9991634367870398,258.0,0.0,112.0,34.0,227786.4516129032,33.0,3.0
EAU,2026.0,51.285538005923,1.0079286422200198,465.0,0.0,36.0,21.5,207562.03252331127,96.0,8.0
EAU CLAIRE,2762.0,38.80536575864227,0.9991634367870398,596.0,0.0,42.0,24.0,195460.15412790698,180.0,9.0
EDG,15200.0,42.056875,0.9864087820177732,465.0,0.0,36.0,21.5,207562.03252331127,96.0,8.0
EDGEMONT,2762.0,38.80536575864227,0.9991634367870398,855.0,0.0,53.0,24.0,80620.31641791045,213.0,11.0
EFI,0.0,38.80536575864227,0.9991634367870398,465.0,0.0,36.0,21.5,207562.03252331127,96.0,8.0
EFV,0.0,38.80536575864227,0.9991634367870398,465.0,0.0,36.0,21.5,207562.03252331127,96.0,8.0
ELBOW PARK,2762.0,38.80536575864227,0.9991634367870398,486.0,0.0,1.0,1.0,182982.89147435897,205.0,7.0
ELBOYA,2762.0,38.80536575864227,0.9991634367870398,379.0,0.0,21.0,12.0,169982.10448275862,78.0,7.0
EPK,3328.0,38.90564903846154,1.015748031496063,465.0,0.0,36.0,21.5,207562.03252331127,96.0,8.0
ERI,7032.0,35.2575369738339,1.0347222222222223,465.0,0.0,36.0,21.5,207562.03252331127,96.0,8.0
ERIN WOODS,2762.0,38.80536575864227,0.9991634367870398,1068.0,0.0,16.0,14.0,54134.40117647059,96.0,8.0
ERL,1267.0,42.042620363062355,1.053484602917342,465.0,0.0,36.0,21.5,207562.03252331127,96.0,8.0
ERLTON,2762.0,38.80536575864227,0.9991634367870398,362.0,0.0,7.0,6.0,3639195.9768000003,41.0,10.0
ESH,0.0,38.80536575864227,0.9991634367870398,465.0,0.0,36.0,21.5,207562.03252331127,96.0,8.0
ESP,0.0,38.80536575864227,0.9991634367870398,465.0,0.0,36.0,21.5,207562.03252331127,96.0,8.0
EVANSTON,2762.0,38.80536575864227,0.9991634367870398,755.0,0.0,84.0,38.0,212045.36256594723,859.0,13.0
EVE,21439.0,36.303955408367926,0.9652580438170318,465.0,0.0,36.0,21.5,207562.03252331127,96.0,8.0
EVERGREEN,2762.0,38.80536575864227,0.9991634367870398,817.0,0.0,26.0,17.0,111742.20819691579,859.0,10.0
EVN,17588.0,30.944393904935183,0.9893677185838706,465.0,0.0,36.0,21.5,207562.03252331127,96.0,8.0
EYA,1752.0,38.01170091324201,1.039580908032596,465.0,0.0,36.0,21.5,207562.03252331127,96.0,8.0
FAI,3642.0,39.82372322899506,1.007717750826902,465.0,0.0,36.0,21.5,207562.03252331127,96.0,8.0
FAIRVIEW,2762.0,38.80536575864227,0.9991634367870398,670.0,0.0,51.0,26.0,52742.4545,65.0,6.0
FAIRVIEW INDUSTRIAL,2762.0,38.80536575864227,0.9991634367870398,655.0,0.0,327.0,112.0,277812.6004761905,87.0,4.0
FAL,10640.0,32.9452537593985,1.0672236254128618,465.0,0.0,36.0,21.5,207562.03252331127,96.0,8.0
FALCONRIDGE,2762.0,38.80536575864227,0.9991634367870398,2148.0,0.0,53.0,23.0,59081.734392523365,122.0,11.0
FHI,274.0,44.9014598540146,21.833333333333332,465.0,0.0,36.0,21.5,207562.03252331127,96.0,8.0
FHT,6473.0,38.10945465780936,1.0955001618646811,465.0,0.0,36.0,21.5,207562.03252331127,96.0,8.0
FISH CREEK PARK,2762.0,38.80536575864227,0.9991634367870398,127.0,0.0,4.0,4.0,656648.0,5.0,2.0
FLI,99.0,51.121212121212125,3.95,465.0,0.0,36.0,21.5,207562.03252331127,96.0,8.0
FLN,7803.0,37.34525182622068,1.192469794886204,465.0,0.0,36.0,21.5,207562.03252331127,96.0,8.0
FOOTHILLS,2762.0,38.80536575864227,0.9991634367870398,1733.0,0.0,867.0,121.0,232316.82972067042,209.0,6.0
FOREST HEIGHTS,2762.0,38.80536575864227,0.9991634367870398,1415.0,0.0,30.0,24.0,31100.39571428571,43.0,8.0
FOREST LAWN,2762.0,38.80536575864227,0.9991634367870398,3428.0,0.0,160.0,56.0,207624.93514851484,132.0,11.0
FOREST LAWN INDUSTRIAL,2762.0,38.80536575864227,0.9991634367870398,628.0,0.0,152.0,66.0,263181.3084848485,36.0,7.0
FPK,0.0,38.80536575864227,0.9991634367870398,465.0,0.0,36.0,21.5,207562.03252331127,96.0,8.0
FRA,0.0,38.80536575864227,0.9991634367870398,465.0,0.0,36.0,21.5,207562.03252331127,96.0,8.0
FRANKLIN,2762.0,38.80536575864227,0.9991634367870398,1075.0,0.0,331.0,99.0,153774.39210526316,102.0,7.0
FVI,0.0,38.80536575864227,0.9991634367870398,465.0,0.0,36.0,21.5,207562.03252331127,96.0,8.0
GAG,2057.0,38.00826446280992,0.820353982300885,465.0,0.0,36.0,21.5,207562.03252331127,96.0,8.0
GARRISON GREEN,2762.0,38.80536575864227,0.9991634367870398,153.0,0.0,3.0,3.0,99548.17944444445,57.0,5.0
GARRISON WOODS,2762.0,38.80536575864227,0.9991634367870398,164.0,0.0,22.0,14.0,165920.64819819818,115.0,8.0
GAW,3102.0,41.60058027079304,0.8076923076923077,465.0,0.0,36.0,21.5,207562.03252331127,96.0,8.0
GBK,7425.0,36.696430976430975,0.921583850931677,465.0,0.0,36.0,21.5,207562.03252331127,96.0,8.0
GBP,0.0,38.80536575864227,0.9991634367870398,465.0,0.0,36.0,21.5,207562.03252331127,96.0,8.0
GDL,2762.0,39.058653149891384,0.9770937723693629,465.0,0.0,36.0,21.5,207562.03252331127,96.0,8.0
GLA,6494.0,39.79157684016015,0.9566134377824645,465.0,0.0,36.0,21.5,207562.03252331127,96.0,8.0
GLACIER RIDGE,2762.0,38.80536575864227,0.9991634367870398,24.0,0.0,36.0,21.5,201877.43885,405.0,6.0
GLAMORGAN,2762.0,38.80536575864227,0.9991634367870398,922.0,0.0,54.0,33.0,398698.4292727273,121.0,11.0
GLENBROOK,2762.0,38.80536575864227,0.9991634367870398,994.0,0.0,73.0,36.0,208902.5622424242,205.0,12.0
GLENDALE,2762.0,38.80536575864227,0.9991634367870398,605.0,0.0,40.0,25.0,98750.98395833332,120.0,9.0
GLENDEER BUSINESS PARK,2762.0,38.80536575864227,0.9991634367870398,59.0,0.0,15.0,10.0,331500.0,3.0,1.0
GLENMORE PARK,2762.0,38.80536575864227,0.9991634367870398,226.0,0.0,6.0,6.0,370785.74333333335,27.0,6.0
GOLDEN TRIANGLE,2762.0,38.80536575864227,0.9991634367870398,181.0,0.0,75.0,29.0,110855.88235294117,18.0,3.0
GPI,0.0,38.80536575864227,0.9991634367870398,465.0,0.0,36.0,21.5,207562.03252331127,96.0,8.0
GPK,0.0,38.80536575864227,0.9991634367870398,465.0,0.0,36.0,21.5,207562.03252331127,96.0,8.0
GRE,892.0,48.51289237668161,0.9955257270693513,465.0,0.0,36.0,21.5,207562.03252331127,96.0,8.0
GREAT PLAINS,2762.0,38.80536575864227,0.9991634367870398,350.0,0.0,171.0,52.0,1709741.7210666665,80.0,4.0
GREAT PLAINS EAST,2762.0,38.80536575864227,0.9991634367870398,465.0,0.0,7.0,7.0,202994.6,6.0,2.0
GREENVIEW,2762.0,38.80536575864227,0.9991634367870398,479.0,0.0,13.0,8.0,52879.65823529411,20.0,7.0
GREENVIEW INDUSTRIAL PARK,2762.0,38.80536575864227,0.9991634367870398,972.0,0.0,350.0,94.0,344135.75,66.0,6.0
GREENWOOD/GREENBRIAR,2762.0,38.80536575864227,0.9991634367870398,99.0,0.0,46.0,18.0,1009383.0308695652,28.0,9.0
GRI,203.0,67.84729064039409,0.5859375,465.0,0.0,36.0,21.5,207562.03252331127,96.0,8.0
GRV,1896.0,37.28823839662447,1.0475161987041037,465.0,0.0,36.0,21.5,207562.03252331127,96.0,8.0
GTI,0.0,38.80536575864227,0.9991634367870398,465.0,0.0,36.0,21.5,207562.03252331127,96.0,8.0
HAM,7333.0,43.95915723441975,0.9835001352447931,465.0,0.0,36.0,21.5,207562.03252331127,96.0,8.0
HAMPTONS,2762.0,38.80536575864227,0.9991634367870398,320.0,0.0,10.0,9.0,140624.21639344262,124.0,5.0
HAR,7387.0,38.942060376336805,1.0029826464208242,465.0,0.0,36.0,21.5,207562.03252331127,96.0,8.0
HARVEST HILLS,2762.0,38.80536575864227,0.9991634367870398,778.0,0.0,13.0,13.0,153663.2525409836,133.0,9.0
HARVEST HILLS BUSINESS PARK,2762.0,38.80536575864227,0.9991634367870398,465.0,0.0,36.0,21.5,191200.0,4.0,1.0
HASKAYNE,2762.0,38.80536575864227,0.9991634367870398,45.0,0.0,1.0,1.0,300015.1059289617,371.0,8.0
HAW,9228.0,42.18779800606849,0.9922279792746114,465.0,0.0,36.0,21.5,207562.03252331127,96.0,8.0
HAWKWOOD,2762.0,38.80536575864227,0.9991634367870398,499.0,0.0,12.0,10.0,30721.7176344086,102.0,8.0
HAY,7057.0,39.923621935666716,0.9834176503653738,465.0,0.0,36.0,21.5,207562.03252331127,96.0,8.0
HAYSBORO,2762.0,38.80536575864227,0.9991634367870398,1558.0,0.0,212.0,73.0,801268.7565269461,183.0,11.0
HHB,0.0,38.80536575864227,0.9991634367870398,465.0,0.0,36.0,21.5,207562.03252331127,96.0,8.0
HID,11524.0,36.81373654980909,1.0295878830574146,465.0,0.0,36.0,21.5,207562.03252331127,96.0,8.0
HIDDEN VALLEY,2762.0,38.80536575864227,0.9991634367870398,651.0,0.0,16.0,12.0,51233.618214285714,233.0,9.0
HIF,0.0,38.80536575864227,0.9991634367870398,465.0,0.0,36.0,21.5,207562.03252331127,96.0,8.0
HIGHFIELD,2762.0,38.80536575864227,0.9991634367870398,841.0,0.0,446.0,99.0,295652.75628865976,103.0,7.0
HIGHLAND PARK,2762.0,38.80536575864227,0.9991634367870398,1176.0,0.0,50.0,18.0,663194.9011504424,156.0,9.0
HIGHWOOD,2762.0,38.80536575864227,0.9991634367870398,535.0,0.0,27.0,18.0,98235.94657894738,95.0,9.0
HIL,6533.0,36.122225623756314,0.9784978800726832,465.0,0.0,36.0,21.5,207562.03252331127,96.0,8.0
HILLHURST,2762.0,38.80536575864227,0.9991634367870398,2141.0,0.0,248.0,76.0,1032956.7795698924,352.0,13.0
HIW,2243.0,38.705082478823,0.9937777777777778,465.0,0.0,36.0,21.5,207562.03252331127,96.0,8.0
HKS,0.0,38.80536575864227,0.9991634367870398,465.0,0.0,36.0,21.5,207562.03252331127,96.0,8.0
HOMESTEAD,2762.0,38.80536575864227,0.9991634367870398,48.0,0.0,5.0,5.0,251526.30462555066,231.0,7.0
HOR,0.0,38.80536575864227,0.9991634367870398,465.0,0.0,36.0,21.5,207562.03252331127,96.0,8.0
HORIZON,2762.0,38.80536575864227,0.9991634367870398,1389.0,0.0,271.0,90.0,331563.84211764706,91.0,7.0
HOTCHKISS,2762.0,38.80536575864227,0.9991634367870398,25.0,0.0,36.0,21.5,243341.43195876287,195.0,6.0
HOU,2791.0,45.45449659620208,0.9090287277701778,465.0,0.0,36.0,21.5,207562.03252331127,96.0,8.0
HOUNSFIELD HEIGHTS/BRIAR HILL,2762.0,38.80536575864227,0.9991634367870398,1117.0,0.0,79.0,22.0,155857.49956989248,125.0,8.0
HPK,3832.0,37.71398747390397,1.075839653304442,465.0,0.0,36.0,21.5,207562.03252331127,96.0,8.0
HSD,0.0,38.80536575864227,0.9991634367870398,465.0,0.0,36.0,21.5,207562.03252331127,96.0,8.0
HSN,0.0,38.80536575864227,0.9991634367870398,465.0,0.0,36.0,21.5,207562.03252331127,96.0,8.0
HUN,13372.0,39.85002243493868,0.9830935785258786,465.0,0.0,36.0,21.5,207562.03252331127,96.0,8.0
HUNTINGTON HILLS,2762.0,38.80536575864227,0.9991634367870398,2123.0,0.0,53.0,28.0,35603.403734939755,197.0,13.0
HUXLEY,2762.0,38.80536575864227,0.9991634367870398,465.0,0.0,36.0,21.5,220018.695,22.0,3.0
ING,3994.0,39.708312468703056,0.9870646766169154,465.0,0.0,36.0,21.5,207562.03252331127,96.0,8.0
INGLEWOOD,2762.0,38.80536575864227,0.9991634367870398,1235.0,0.0,214.0,76.0,622624.770397351,190.0,14.0
KCA,6878.0,33.24745565571387,1.011699327288681,465.0,0.0,36.0,21.5,207562.03252331127,96.0,8.0
KEL,2302.0,44.64118158123371,0.8197628458498024,465.0,0.0,36.0,21.5,207562.03252331127,96.0,8.0
KELVIN GROVE,2762.0,38.80536575864227,0.9991634367870398,394.0,0.0,33.0,21.0,110718.85409836065,65.0,7.0
KEYSTONE HILLS,2762.0,38.80536575864227,0.9991634367870398,465.0,0.0,36.0,21.5,210622.09666666668,3.0,2.0
KIL,7660.0,36.15678851174935,0.9859994814622763,465.0,0.0,36.0,21.5,207562.03252331127,96.0,8.0
KILLARNEY/GLENGARRY,2762.0,38.80536575864227,0.9991634367870398,1634.0,0.0,97.0,43.0,215736.24985119049,450.0,11.0
KIN,4681.0,37.58748130741294,1.0423211169284468,465.0,0.0,36.0,21.5,207562.03252331127,96.0,8.0
KINCORA,2762.0,38.80536575864227,0.9991634367870398,423.0,0.0,2.0,1.0,218930.192760181,230.0,6.0
KINGSLAND,2762.0,38.80536575864227,0.9991634367870398,1438.0,0.0,123.0,47.0,974967.5902173913,106.0,11.0
KSH,0.0,38.80536575864227,0.9991634367870398,465.0,0.0,36.0,21.5,207562.03252331127,96.0,8.0
LAKE BONAVISTA,2762.0,38.80536575864227,0.9991634367870398,1255.0,0.0,134.0,56.0,188704.7992237443,232.0,11.0
LAKEVIEW,2762.0,38.80536575864227,0.9991634367870398,560.0,0.0,25.0,17.0,90186.9784057971,161.0,11.0
LEG,6408.0,31.381554307116104,0.951873286628084,465.0,0.0,36.0,21.5,207562.03252331127,96.0,8.0
LEGACY,2762.0,38.80536575864227,0.9991634367870398,559.0,0.0,97.0,41.0,296038.7229478827,624.0,10.0
LEWISBURG,2762.0,38.80536575864227,0.9991634367870398,465.0,0.0,36.0,21.5,254304.58515151517,67.0,4.0
LINCOLN PARK,2762.0,38.80536575864227,0.9991634367870398,341.0,0.0,80.0,25.0,1392422.5294117648,53.0,7.0
LIV,1406.0,31.970839260312946,1.0465793304221251,465.0,0.0,36.0,21.5,207562.03252331127,96.0,8.0
LIVINGSTON,2762.0,38.80536575864227,0.9991634367870398,253.0,0.0,2.0,1.0,285062.2414745973,820.0,11.0
LKB,10268.0,43.52463965718738,0.9984429739198132,465.0,0.0,36.0,21.5,207562.03252331127,96.0,8.0
LKV,5344.0,41.885385479041915,0.9546452084857352,465.0,0.0,36.0,21.5,207562.03252331127,96.0,8.0
LMR,3449.0,37.90229051899101,1.066506890353505,465.0,0.0,36.0,21.5,207562.03252331127,96.0,8.0
LOWER MOUNT ROYAL,2762.0,38.80536575864227,0.9991634367870398,1121.0,0.0,153.0,40.0,175640.52108695655,53.0,8.0
LPK,2615.0,34.77323135755258,0.805939226519337,465.0,0.0,36.0,21.5,207562.03252331127,96.0,8.0
MAC,4744.0,40.83357925801012,0.9741989180191427,465.0,0.0,36.0,21.5,207562.03252331127,96.0,8.0
MACEWAN GLEN,2762.0,38.80536575864227,0.9991634367870398,299.0,0.0,9.0,9.0,20074.664107142857,63.0,5.0
MAF,432.0,42.34606481481482,1.028169014084507,465.0,0.0,36.0,21.5,207562.03252331127,96.0,8.0
MAH,11753.0,30.08006466434102,0.9832939588255147,465.0,0.0,36.0,21.5,207562.03252331127,96.0,8.0
MAHOGANY,2762.0,38.80536575864227,0.9991634367870398,765.0,0.0,100.0,41.0,328465.72428994084,1050.0,13.0
MAL,5952.0,39.044438844086024,1.0108108108108107,465.0,0.0,36.0,21.5,207562.03252331127,96.0,8.0
MAN,1025.0,35.646341463414636,1.4404761904761905,465.0,0.0,36.0,21.5,207562.03252331127,96.0,8.0
MANCHESTER,2762.0,38.80536575864227,0.9991634367870398,693.0,0.0,168.0,70.0,1076303.1090909091,57.0,6.0
MANCHESTER INDUSTRIAL,2762.0,38.80536575864227,0.9991634367870398,2595.0,0.0,833.0,174.0,365234.2839130435,199.0,8.0
MAPLE RIDGE,2762.0,38.80536575864227,0.9991634367870398,235.0,0.0,2.0,2.0,51088.66428571429,44.0,3.0
MARLBOROUGH,2762.0,38.80536575864227,0.9991634367870398,2533.0,0.0,136.0,38.0,102675.0538888889,143.0,10.0
MARLBOROUGH PARK,2762.0,38.80536575864227,0.9991634367870398,1584.0,0.0,64.0,31.0,102396.50204819276,88.0,10.0
MARTINDALE,2762.0,38.80536575864227,0.9991634367870398,1942.0,0.0,16.0,12.0,65965.97193181819,385.0,9.0
MAYFAIR,2762.0,38.80536575864227,0.9991634367870398,54.0,0.0,1.0,1.0,45544.86833333334,16.0,3.0
MAYLAND,2762.0,38.80536575864227,0.9991634367870398,429.0,0.0,76.0,34.0,937990.308918919,39.0,6.0
MAYLAND HEIGHTS,2762.0,38.80536575864227,0.9991634367870398,1349.0,0.0,27.0,15.0,40608.84864197531,92.0,11.0
MCCALL,2762.0,38.80536575864227,0.9991634367870398,502.0,0.0,390.0,86.0,256405.76,84.0,6.0
MCI,0.0,38.80536575864227,0.9991634367870398,465.0,0.0,36.0,21.5,207562.03252331127,96.0,8.0
MCK,13363.0,38.00362942453042,1.0161436330718165,465.0,0.0,36.0,21.5,207562.03252331127,96.0,8.0
MCKENZIE LAKE,2762.0,38.80536575864227,0.9991634367870398,772.0,0.0,14.0,12.0,35480.10660194175,215.0,7.0
MCKENZIE TOWNE,2762.0,38.80536575864227,0.9991634367870398,1406.0,0.0,127.0,46.0,132819.91328964615,778.0,12.0
MCT,18195.0,34.67301456444078,0.9777173913043479,465.0,0.0,36.0,21.5,207562.03252331127,96.0,8.0
MDH,0.0,38.80536575864227,0.9991634367870398,465.0,0.0,36.0,21.5,207562.03252331127,96.0,8.0
MEA,638.0,42.01724137931034,1.0253968253968253,465.0,0.0,36.0,21.5,207562.03252331127,96.0,8.0
MEADOWLARK PARK,2762.0,38.80536575864227,0.9991634367870398,1009.0,0.0,211.0,29.0,182428.25312500002,124.0,9.0
MEDICINE HILL,2762.0,38.80536575864227,0.9991634367870398,35.0,0.0,41.0,21.0,728207.9952380953,23.0,6.0
MER,0.0,38.80536575864227,0.9991634367870398,465.0,0.0,36.0,21.5,207562.03252331127,96.0,8.0
MERIDIAN,2762.0,38.80536575864227,0.9991634367870398,973.0,0.0,199.0,67.0,271536.27777777775,58.0,5.0
MID,7255.0,43.16512749827705,0.9112223393045311,465.0,0.0,36.0,21.5,207562.03252331127,96.0,8.0
MIDNAPORE,2762.0,38.80536575864227,0.9991634367870398,715.0,0.0,157.0,67.0,65383.327310924375,130.0,11.0
MILLRISE,2762.0,38.80536575864227,0.9991634367870398,550.0,0.0,21.0,17.0,89629.57456692914,131.0,8.0
MIS,4475.0,40.6131843575419,0.968763748350198,465.0,0.0,36.0,21.5,207562.03252331127,96.0,8.0
MISSION,2762.0,38.80536575864227,0.9991634367870398,1429.0,0.0,164.0,52.0,1025036.927159091,100.0,10.0
MLI,0.0,38.80536575864227,0.9991634367870398,465.0,0.0,36.0,21.5,207562.03252331127,96.0,8.0
MLR,6887.0,39.46464353129084,0.9215959821428571,465.0,0.0,36.0,21.5,207562.03252331127,96.0,8.0
MNI,0.0,38.80536575864227,0.9991634367870398,465.0,0.0,36.0,21.5,207562.03252331127,96.0,8.0
MON,4507.0,37.377301974706015,0.9672632038411174,465.0,0.0,36.0,21.5,207562.03252331127,96.0,8.0
MONTEREY PARK,2762.0,38.80536575864227,0.9991634367870398,965.0,0.0,31.0,22.0,37837.04451327434,126.0,8.0
MONTGOMERY,2762.0,38.80536575864227,0.9991634367870398,1571.0,0.0,98.0,48.0,369210.7867021277,262.0,13.0
MOP,5861.0,36.706534721037364,1.064459316660796,465.0,0.0,36.0,21.5,207562.03252331127,96.0,8.0
MOR,10351.0,39.36658293884649,1.0005798221878623,465.0,0.0,36.0,21.5,207562.03252331127,96.0,8.0
MORAINE,2762.0,38.80536575864227,0.9991634367870398,465.0,0.0,36.0,21.5,219441.1752657005,212.0,6.0
MOUNT PLEASANT,2762.0,38.80536575864227,0.9991634367870398,1562.0,0.0,74.0,43.0,172164.45200716847,388.0,13.0
MPK,8500.0,37.46111764705882,1.0666180403598347,465.0,0.0,36.0,21.5,207562.03252331127,96.0,8.0
MPL,1912.0,45.00392259414226,0.9979101358411703,465.0,0.0,36.0,21.5,207562.03252331127,96.0,8.0
MRL,9141.0,37.92604747839405,1.108650519031142,465.0,0.0,36.0,21.5,207562.03252331127,96.0,8.0
MRT,14200.0,34.22035211267605,1.1127808361850915,465.0,0.0,36.0,21.5,207562.03252331127,96.0,8.0
NAW,0.0,38.80536575864227,0.9991634367870398,465.0,0.0,36.0,21.5,207562.03252331127,96.0,8.0
NEB,13083.0,29.887487579301382,1.0155600061623786,465.0,0.0,36.0,21.5,207562.03252331127,96.0,8.0
NEW BRIGHTON,2762.0,38.80536575864227,0.9991634367870398,690.0,0.0,8.0,6.0,158423.91544444446,547.0,9.0
NGM,2376.0,40.20412457912458,1.0290350128095644,465.0,0.0,36.0,21.5,207562.03252331127,96.0,8.0
NHU,595.0,44.267226890756305,1.0804195804195804,465.0,0.0,36.0,21.5,207562.03252331127,96.0,8.0
NHV,2354.0,41.36979609175871,0.9932260795935648,465.0,0.0,36.0,21.5,207562.03252331127,96.0,8.0
NOL,7478.0,29.917758759026476,0.9941333333333333,465.0,0.0,36.0,21.5,207562.03252331127,96.0,8.0
NOLAN HILL,2762.0,38.80536575864227,0.9991634367870398,377.0,0.0,53.0,29.0,247895.40482972137,336.0,10.0
NORTH AIRWAYS,2762.0,38.80536575864227,0.9991634367870398,663.0,0.0,249.0,76.0,1977609.1458333333,50.0,4.0
NORTH GLENMORE PARK,2762.0,38.80536575864227,0.9991634367870398,420.0,0.0,19.0,14.0,236944.07699029127,133.0,9.0
NORTH HAVEN,2762.0,38.80536575864227,0.9991634367870398,231.0,0.0,12.0,9.0,166329.18435897434,43.0,6.0
NORTH HAVEN UPPER,2762.0,38.80536575864227,0.9991634367870398,50.0,0.0,36.0,21.5,35141.08428571429,14.0,2.0
NOSE HILL PARK,2762.0,38.80536575864227,0.9991634367870398,187.0,0.0,2.0,2.0,59000.0,1.0,1.0
NPK,0.0,38.80536575864227,0.9991634367870398,465.0,0.0,36.0,21.5,207562.03252331127,96.0,8.0
OAK,5684.0,42.458743842364534,0.9729260673377299,465.0,0.0,36.0,21.5,207562.03252331127,96.0,8.0
OAKRIDGE,2762.0,38.80536575864227,0.9991634367870398,465.0,0.0,50.0,30.0,146824.40163934426,64.0,8.0
OGD,8556.0,40.086138382421694,1.1578814627994956,465.0,0.0,36.0,21.5,207562.03252331127,96.0,8.0
OGDEN,2762.0,38.80536575864227,0.9991634367870398,1405.0,0.0,69.0,43.0,68207.75734848485,190.0,12.0
OGDEN SHOPS,2762.0,38.80536575864227,0.9991634367870398,51.0,0.0,13.0,7.0,729935.1866666668,15.0,3.0
OSH,0.0,38.80536575864227,0.9991634367870398,465.0,0.0,36.0,21.5,207562.03252331127,96.0,8.0
OSPREY HILL,2762.0,38.80536575864227,0.9991634367870398,465.0,0.0,36.0,21.5,283000.0,3.0,2.0
PAL,3663.0,43.928610428610426,0.8679245283018868,465.0,0.0,36.0,21.5,207562.03252331127,96.0,8.0
PALLISER,2762.0,38.80536575864227,0.9991634367870398,359.0,0.0,14.0,7.0,55821.587948717955,39.0,10.0
PAN,25480.0,34.27925824175824,0.9971782411036213,465.0,0.0,36.0,21.5,207562.03252331127,96.0,8.0
PANORAMA HILLS,2762.0,38.80536575864227,0.9991634367870398,1376.0,0.0,22.0,19.0,169331.26138560686,962.0,12.0
PARKDALE,2762.0,38.80536575864227,0.9991634367870398,440.0,0.0,27.0,21.0,750260.0679166666,130.0,7.0
PARKHILL,2762.0,38.80536575864227,0.9991634367870398,493.0,0.0,38.0,23.0,494199.19396551716,80.0,9.0
PARKLAND,2762.0,38.80536575864227,0.9991634367870398,465.0,0.0,1.0,1.0,39264.78246753247,79.0,7.0
PAT,4194.0,43.046971864568434,0.8925992779783394,465.0,0.0,36.0,21.5,207562.03252331127,96.0,8.0
PATTERSON,2762.0,38.80536575864227,0.9991634367870398,465.0,0.0,18.0,15.0,941666.5140384616,59.0,9.0
PCK,0.0,38.80536575864227,0.9991634367870398,465.0,0.0,36.0,21.5,207562.03252331127,96.0,8.0
PEG,0.0,38.80536575864227,0.9991634367870398,465.0,0.0,36.0,21.5,207562.03252331127,96.0,8.0
PEGASUS,2762.0,38.80536575864227,0.9991634367870398,465.0,0.0,43.0,22.0,131044.35714285714,14.0,3.0
PEN,8528.0,37.07592636022514,1.1098466105888174,465.0,0.0,36.0,21.5,207562.03252331127,96.0,8.0
PENBROOKE MEADOWS,2762.0,38.80536575864227,0.9991634367870398,465.0,0.0,13.0,9.0,28471.49484375,82.0,9.0
PIN,9997.0,37.59882964889467,1.010255379046853,465.0,0.0,36.0,21.5,207562.03252331127,96.0,8.0
PINE CREEK,2762.0,38.80536575864227,0.9991634367870398,465.0,0.0,5.0,5.0,297831.61449748743,404.0,8.0
PINERIDGE,2762.0,38.80536575864227,0.9991634367870398,465.0,0.0,55.0,32.0,178719.2805479452,86.0,10.0
PKD,2557.0,41.8832616347282,0.9992181391712275,465.0,0.0,36.0,21.5,207562.03252331127,96.0,8.0
PKH,1687.0,38.48844101956135,1.0059453032104637,465.0,0.0,36.0,21.5,207562.03252331127,96.0,8.0
PKL,3649.0,44.58605097286928,0.9939890710382514,465.0,0.0,36.0,21.5,207562.03252331127,96.0,8.0
POI,1340.0,48.46044776119403,0.8533886583679114,465.0,0.0,36.0,21.5,207562.03252331127,96.0,8.0
POINT MCKAY,2762.0,38.80536575864227,0.9991634367870398,465.0,0.0,5.0,5.0,56739.875,17.0,5.0
PUM,1638.0,51.272283272283275,0.8383838383838383,465.0,0.0,36.0,21.5,207562.03252331127,96.0,8.0
PUMP HILL,2762.0,38.80536575864227,0.9991634367870398,465.0,0.0,6.0,6.0,65757.88642857144,35.0,3.0
QLD,4724.0,39.366744284504655,1.0335772707705553,465.0,0.0,36.0,21.5,207562.03252331127,96.0,8.0
QPK,445.0,28.89325842696629,0.960352422907489,465.0,0.0,36.0,21.5,207562.03252331127,96.0,8.0
QUEENS PARK VILLAGE,2762.0,38.80536575864227,0.9991634367870398,465.0,0.0,36.0,21.5,425251.0,1.0,1.0
QUEENSLAND,2762.0,38.80536575864227,0.9991634367870398,465.0,0.0,11.0,9.0,96988.34791666667,51.0,8.0
RAM,2144.0,37.69356343283582,1.0999020568070519,465.0,0.0,36.0,21.5,207562.03252331127,96.0,8.0
RAMSAY,2762.0,38.80536575864227,0.9991634367870398,465.0,0.0,43.0,28.0,132851.65171052632,102.0,10.0
RAN,7598.0,36.55475125032903,0.9916120576671036,465.0,0.0,36.0,21.5,207562.03252331127,96.0,8.0
RANCHLANDS,2762.0,38.80536575864227,0.9991634367870398,465.0,0.0,33.0,20.0,20455.415573770493,74.0,9.0
RANGEVIEW,2762.0,38.80536575864227,0.9991634367870398,465.0,0.0,36.0,21.5,245523.21264367815,441.0,8.0
RCK,3619.0,35.42622271345676,0.9625813449023861,465.0,0.0,36.0,21.5,207562.03252331127,96.0,8.0
RDL,1549.0,41.206584893479665,1.0169270833333333,465.0,0.0,36.0,21.5,207562.03252331127,96.0,8.0
RED,1589.0,45.22844556324733,1.0825688073394495,465.0,0.0,36.0,21.5,207562.03252331127,96.0,8.0
RED CARPET,2762.0,38.80536575864227,0.9991634367870398,465.0,0.0,7.0,7.0,2937773.744,15.0,5.0
REDSTONE,2762.0,38.80536575864227,0.9991634367870398,465.0,0.0,26.0,16.0,291473.9094230769,434.0,11.0
REN,6573.0,36.361402708048075,0.9691431995206711,465.0,0.0,36.0,21.5,207562.03252331127,96.0,8.0
RENFREW,2762.0,38.80536575864227,0.9991634367870398,465.0,0.0,72.0,37.0,493849.420125523,314.0,13.0
RESIDUAL WARD 1 - (SUB AREA 1B),2762.0,38.80536575864227,0.9991634367870398,465.0,0.0,2.0,2.0,987300.0,4.0,3.0
RESIDUAL WARD 1 - CALGARY WEST,2762.0,38.80536575864227,0.9991634367870398,465.0,0.0,3.0,3.0,207562.03252331127,1.0,1.0
RESIDUAL WARD 1 - SUB AREA 01F,2762.0,38.80536575864227,0.9991634367870398,465.0,0.0,36.0,21.5,235855.1509090909,11.0,2.0
RESIDUAL WARD 1 - SUB AREA 1K,2762.0,38.80536575864227,0.9991634367870398,465.0,0.0,3.0,3.0,5876852.166666667,7.0,4.0
RESIDUAL WARD 10 - SUB AREA 10E,2762.0,38.80536575864227,0.9991634367870398,465.0,0.0,11.0,8.0,73000.0,3.0,2.0
RESIDUAL WARD 12 - SUB AREA 12A,2762.0,38.80536575864227,0.9991634367870398,465.0,0.0,119.0,31.0,618982.1224390244,43.0,8.0
RESIDUAL WARD 12 - SUB AREA 12B,2762.0,38.80536575864227,0.9991634367870398,465.0,0.0,36.0,21.5,50000.0,2.0,2.0
RESIDUAL WARD 12 - SUB AREA 12C,2762.0,38.80536575864227,0.9991634367870398,465.0,0.0,36.0,21.5,257763.05000000002,3.0,3.0
RESIDUAL WARD 12 - SUB AREA 12J,2762.0,38.80536575864227,0.9991634367870398,465.0,0.0,4.0,1.0,7500000.0,1.0,1.0
RESIDUAL WARD 12 - SUB AREA 12L,2762.0,38.80536575864227,0.9991634367870398,465.0,0.0,3.0,1.0,207562.03252331127,96.0,8.0
RESIDUAL WARD 12- SUB AREA 12K,2762.0,38.80536575864227,0.9991634367870398,465.0,0.0,1.0,1.0,207562.03252331127,96.0,8.0
RESIDUAL WARD 13 - SUB AREA 13F,2762.0,38.80536575864227,0.9991634367870398,465.0,0.0,1.0,1.0,50000.0,1.0,1.0
RESIDUAL WARD 13 - SUB AREA 13G,2762.0,38.80536575864227,0.9991634367870398,465.0,0.0,2.0,2.0,55000.0,2.0,2.0
RESIDUAL WARD 13 - SUB AREA 13M,2762.0,38.80536575864227,0.9991634367870398,465.0,0.0,2.0,1.0,207562.03252331127,2.0,2.0
RESIDUAL WARD 2 - SUB AREA 02K,2762.0,38.80536575864227,0.9991634367870398,465.0,0.0,36.0,21.5,10000000.0,1.0,1.0
RESIDUAL WARD 2 - SUB AREA 2B,2762.0,38.80536575864227,0.9991634367870398,465.0,0.0,1.0,1.0,207562.03252331127,96.0,8.0
RESIDUAL WARD 2 - SUB AREA 2C,2762.0,38.80536575864227,0.9991634367870398,465.0,0.0,21.0,16.0,838814.0,10.0,3.0
RESIDUAL WARD 2 - SUB AREA 2E,2762.0,38.80536575864227,0.9991634367870398,465.0,0.0,1.0,1.0,228301.85714285713,9.0,4.0
RESIDUAL WARD 2 - SUB AREA 2F,2762.0,38.80536575864227,0.9991634367870398,465.0,0.0,15.0,9.0,514901.6,6.0,3.0
RESIDUAL WARD 3 - SUB AREA 03W,2762.0,38.80536575864227,0.9991634367870398,465.0,0.0,2.0,1.0,207562.03252331127,96.0,8.0
RESIDUAL WARD 5 - SUB AREA 5D,2762.0,38.80536575864227,0.9991634367870398,465.0,0.0,4.0,4.0,207562.03252331127,96.0,8.0
RESIDUAL WARD 5 - SUB AREA 5E,2762.0,38.80536575864227,0.9991634367870398,465.0,0.0,36.0,21.5,105000.0,1.0,1.0
RESIDUAL WARD 6,2762.0,38.80536575864227,0.9991634367870398,465.0,0.0,3.0,3.0,307384.17250000004,4.0,3.0
RESIDUAL WARD 6 - SUB AREA 6B,2762.0,38.80536575864227,0.9991634367870398,465.0,0.0,36.0,21.5,20000.0,1.0,1.0
RESIDUAL WARD 9 - SUB AREA 9K,2762.0,38.80536575864227,0.9991634367870398,465.0,0.0,36.0,21.5,145000.0,1.0,1.0
RESIDUAL WARD 9 - SUB AREA 9P,2762.0,38.80536575864227,0.9991634367870398,465.0,0.0,1.0,1.0,32224.28,3.0,3.0
RESIDUAL WARD 9 - SUB AREA 9Q,2762.0,38.80536575864227,0.9991634367870398,465.0,0.0,36.0,21.5,384177.6,5.0,3.0
RIC,4934.0,37.25486420753952,1.0481527604815275,465.0,0.0,36.0,21.5,207562.03252331127,96.0,8.0
RICARDO RANCH,2762.0,38.80536575864227,0.9991634367870398,465.0,0.0,36.0,21.5,146157.09092307693,65.0,4.0
RICHMOND,2762.0,38.80536575864227,0.9991634367870398,465.0,0.0,53.0,33.0,234279.39457142857,324.0,13.0
RID,593.0,47.066610455311974,0.9442622950819672,465.0,0.0,36.0,21.5,207562.03252331127,96.0,8.0
RIDEAU PARK,2762.0,38.80536575864227,0.9991634367870398,465.0,0.0,2.0,2.0,142834.3423076923,35.0,6.0
RIV,9233.0,40.87793783169067,1.017701048951049,465.0,0.0,36.0,21.5,207562.03252331127,96.0,8.0
RIVERBEND,2762.0,38.80536575864227,0.9991634367870398,465.0,0.0,45.0,25.0,109439.24712121212,150.0,11.0
RMT,1251.0,39.80255795363709,1.0080256821829856,465.0,0.0,36.0,21.5,207562.03252331127,96.0,8.0
ROC,8384.0,38.32430820610687,0.9443413729128015,465.0,0.0,36.0,21.5,207562.03252331127,96.0,8.0
ROCKY RIDGE,2762.0,38.80536575864227,0.9991634367870398,465.0,0.0,13.0,12.0,184089.30705660375,276.0,10.0
ROSEDALE,2762.0,38.80536575864227,0.9991634367870398,465.0,0.0,4.0,3.0,170291.8192753623,99.0,8.0
ROSEMONT,2762.0,38.80536575864227,0.9991634367870398,465.0,0.0,24.0,14.0,141637.79638888888,44.0,8.0
ROSSCARROCK,2762.0,38.80536575864227,0.9991634367870398,465.0,0.0,90.0,29.0,138256.7370093458,139.0,9.0
ROX,422.0,40.703791469194314,1.153061224489796,465.0,0.0,36.0,21.5,207562.03252331127,96.0,8.0
ROXBORO,2762.0,38.80536575864227,0.9991634367870398,465.0,0.0,36.0,21.5,129739.91699999999,42.0,4.0
ROY,11688.0,35.448964750171115,0.9512520868113522,465.0,0.0,36.0,21.5,207562.03252331127,96.0,8.0
ROYAL OAK,2762.0,38.80536575864227,0.9991634367870398,465.0,0.0,13.0,13.0,140164.2303782506,439.0,9.0
ROYAL VISTA,2762.0,38.80536575864227,0.9991634367870398,465.0,0.0,167.0,62.0,692302.4528301887,55.0,5.0
RSN,5824.0,32.5182864010989,1.0201179327089838,465.0,0.0,36.0,21.5,207562.03252331127,96.0,8.0
RUN,11671.0,35.73369891183275,1.0489817415730338,465.0,0.0,36.0,21.5,207562.03252331127,96.0,8.0
RUNDLE,2762.0,38.80536575864227,0.9991634367870398,465.0,0.0,33.0,20.0,34720.81291139241,94.0,10.0
RUT,2259.0,43.15914121292607,0.9340753424657534,465.0,0.0,36.0,21.5,207562.03252331127,96.0,8.0
RUTLAND PARK,2762.0,38.80536575864227,0.9991634367870398,465.0,0.0,22.0,15.0,235260.56357142856,49.0,10.0
RVW,0.0,38.80536575864227,0.9991634367870398,465.0,0.0,36.0,21.5,207562.03252331127,96.0,8.0
RYV,0.0,38.80536575864227,0.9991634367870398,465.0,0.0,36.0,21.5,207562.03252331127,96.0,8.0
S23,0.0,38.80536575864227,0.9991634367870398,465.0,0.0,36.0,21.5,207562.03252331127,96.0,8.0
SAD,22281.0,31.851959068264442,1.0112836252031052,465.0,0.0,36.0,21.5,207562.03252331127,96.0,8.0
SADDLE RIDGE,2762.0,38.80536575864227,0.9991634367870398,465.0,0.0,110.0,38.0,204575.065625,1156.0,13.0
SADDLE RIDGE INDUSTRIAL,2762.0,38.80536575864227,0.9991634367870398,465.0,0.0,38.0,22.0,111696.78785714286,16.0,6.0
SAGE HILL,2762.0,38.80536575864227,0.9991634367870398,465.0,0.0,112.0,45.0,492679.4169527897,478.0,13.0
SAN,5880.0,42.26709183673469,0.9784656796769852,465.0,0.0,36.0,21.5,207562.03252331127,96.0,8.0
SANDSTONE VALLEY,2762.0,38.80536575864227,0.9991634367870398,465.0,0.0,8.0,6.0,32428.777755102044,52.0,8.0
SAW,0.0,38.80536575864227,0.9991634367870398,465.0,0.0,36.0,21.5,207562.03252331127,96.0,8.0
SCA,929.0,38.32615715823466,1.0736607142857142,465.0,0.0,36.0,21.5,207562.03252331127,96.0,8.0
SCARBORO,2762.0,38.80536575864227,0.9991634367870398,465.0,0.0,36.0,21.5,84481.02793103448,34.0,4.0
SCARBORO/SUNALTA WEST,2762.0,38.80536575864227,0.9991634367870398,465.0,0.0,5.0,4.0,325256.31999999995,14.0,3.0
SCE,8041.0,43.36002984703395,0.9771330218834522,465.0,0.0,36.0,21.5,207562.03252331127,96.0,8.0
SCENIC ACRES,2762.0,38.80536575864227,0.9991634367870398,465.0,0.0,8.0,7.0,58780.55411111111,96.0,8.0
SDC,9719.0,40.009414548821894,0.9895598771750256,465.0,0.0,36.0,21.5,207562.03252331127,96.0,8.0
SECTION 23,2762.0,38.80536575864227,0.9991634367870398,465.0,0.0,50.0,20.0,2055856.3846153845,33.0,4.0
SET,1128.0,45.687943262411345,0.7407407407407407,465.0,0.0,36.0,21.5,207562.03252331127,96.0,8.0
SETON,2762.0,38.80536575864227,0.9991634367870398,465.0,0.0,108.0,43.0,820867.5373218143,473.0,11.0
SFH,0.0,38.80536575864227,0.9991634367870398,465.0,0.0,36.0,21.5,207562.03252331127,96.0,8.0
SGH,7894.0,31.782619711173044,0.929130009775171,465.0,0.0,36.0,21.5,207562.03252331127,96.0,8.0
SGL,0.0,38.80536575864227,0.9991634367870398,465.0,0.0,36.0,21.5,207562.03252331127,96.0,8.0
SHAGANAPPI,2762.0,38.80536575864227,0.9991634367870398,465.0,0.0,19.0,11.0,436485.80520547944,107.0,9.0
SHAWNEE SLOPES,2762.0,38.80536575864227,0.9991634367870398,465.0,0.0,18.0,13.0,572085.7733333333,65.0,7.0
SHAWNESSY,2762.0,38.80536575864227,0.9991634367870398,465.0,0.0,160.0,57.0,325645.8698026316,164.0,12.0
SHEPARD INDUSTRIAL,2762.0,38.80536575864227,0.9991634367870398,465.0,0.0,193.0,70.0,508059.99822222226,95.0,9.0
SHERWOOD,2762.0,38.80536575864227,0.9991634367870398,465.0,0.0,77.0,31.0,240861.8923628692,248.0,10.0
SHG,1617.0,35.67779839208411,1.02125,465.0,0.0,36.0,21.5,207562.03252331127,96.0,8.0
SHI,229.0,52.943231441048034,1.2233009708737863,465.0,0.0,36.0,21.5,207562.03252331127,96.0,8.0
SHN,9334.0,39.23601885579601,1.0081755593803787,465.0,0.0,36.0,21.5,207562.03252331127,96.0,8.0
SHS,1906.0,48.035152151101784,0.8649706457925636,465.0,0.0,36.0,21.5,207562.03252331127,96.0,8.0
SHW,6233.0,33.05398684421627,0.9806164601207499,465.0,0.0,36.0,21.5,207562.03252331127,96.0,8.0
SIG,13346.0,43.80016484339877,0.904123270081324,465.0,0.0,36.0,21.5,207562.03252331127,96.0,8.0
SIGNAL HILL,2762.0,38.80536575864227,0.9991634367870398,465.0,0.0,138.0,43.0,220934.7045882353,263.0,11.0
SIL,8658.0,41.465349965349965,0.977615349474646,465.0,0.0,36.0,21.5,207562.03252331127,96.0,8.0
SILVER SPRINGS,2762.0,38.80536575864227,0.9991634367870398,465.0,0.0,30.0,20.0,39675.77469230769,135.0,10.0
SILVERADO,2762.0,38.80536575864227,0.9991634367870398,465.0,0.0,25.0,19.0,213224.54017429193,464.0,11.0
SKE,0.0,38.80536575864227,0.9991634367870398,465.0,0.0,36.0,21.5,207562.03252331127,96.0,8.0
SKR,11468.0,32.37561039414022,0.9989541572250306,465.0,0.0,36.0,21.5,207562.03252331127,96.0,8.0
SKW,0.0,38.80536575864227,0.9991634367870398,465.0,0.0,36.0,21.5,207562.03252331127,96.0,8.0
SKY,0.0,38.80536575864227,0.9991634367870398,465.0,0.0,36.0,21.5,207562.03252331127,96.0,8.0
SKYLINE EAST,2762.0,38.80536575864227,0.9991634367870398,465.0,0.0,79.0,35.0,302809.07823529415,18.0,3.0
SKYLINE WEST,2762.0,38.80536575864227,0.9991634367870398,465.0,0.0,84.0,34.0,177888.88888888888,11.0,2.0
SKYVIEW RANCH,2762.0,38.80536575864227,0.9991634367870398,465.0,0.0,51.0,23.0,439323.21411764703,378.0,12.0
SNA,3224.0,36.369882133995034,1.1044386422976502,465.0,0.0,36.0,21.5,207562.03252331127,96.0,8.0
SOC,4435.0,34.96121758737317,0.9878978036754819,465.0,0.0,36.0,21.5,207562.03252331127,96.0,8.0
SOM,8513.0,37.76676847174909,0.9802279599906956,465.0,0.0,36.0,21.5,207562.03252331127,96.0,8.0
SOMERSET,2762.0,38.80536575864227,0.9991634367870398,465.0,0.0,9.0,8.0,65054.684,199.0,5.0
SOUTH AIRWAYS,2762.0,38.80536575864227,0.9991634367870398,465.0,0.0,500.0,124.0,182809.5439047619,112.0,6.0
SOUTH CALGARY,2762.0,38.80536575864227,0.9991634367870398,465.0,0.0,201.0,62.0,459971.1053846154,233.0,12.0
SOUTH FOOTHILLS,2762.0,38.80536575864227,0.9991634367870398,465.0,0.0,122.0,39.0,535780.3723333334,42.0,4.0
SOUTHVIEW,2762.0,38.80536575864227,0.9991634367870398,465.0,0.0,91.0,40.0,62264.203829787235,59.0,9.0
SOUTHWOOD,2762.0,38.80536575864227,0.9991634367870398,465.0,0.0,72.0,39.0,116874.914,157.0,12.0
SOV,1800.0,43.63,1.1660649819494584,465.0,0.0,36.0,21.5,207562.03252331127,96.0,8.0
SOW,6227.0,38.32760558856592,1.0003212335367813,465.0,0.0,36.0,21.5,207562.03252331127,96.0,8.0
SPH,9922.0,35.90485789155412,0.99037111334002,465.0,0.0,36.0,21.5,207562.03252331127,96.0,8.0
SPR,4667.0,39.147310906363835,0.8818548387096774,465.0,0.0,36.0,21.5,207562.03252331127,96.0,8.0
SPRINGBANK HILL,2762.0,38.80536575864227,0.9991634367870398,465.0,0.0,36.0,21.0,639386.3352262444,465.0,12.0
SPRUCE CLIFF,2762.0,38.80536575864227,0.9991634367870398,465.0,0.0,48.0,21.0,176553.8154237288,77.0,10.0
SRI,0.0,38.80536575864227,0.9991634367870398,465.0,0.0,36.0,21.5,207562.03252331127,96.0,8.0
SSD,4197.0,36.375506314033835,0.961214953271028,465.0,0.0,36.0,21.5,207562.03252331127,96.0,8.0
SSW,393.0,40.93002544529262,1.0793650793650793,465.0,0.0,36.0,21.5,207562.03252331127,96.0,8.0
ST. ANDREWS HEIGHTS,2762.0,38.80536575864227,0.9991634367870398,465.0,0.0,12.0,8.0,508346.1676404495,113.0,10.0
ST1,0.0,38.80536575864227,0.9991634367870398,465.0,0.0,36.0,21.5,207562.03252331127,96.0,8.0
ST2,0.0,38.80536575864227,0.9991634367870398,465.0,0.0,36.0,21.5,207562.03252331127,96.0,8.0
ST3,0.0,38.80536575864227,0.9991634367870398,465.0,0.0,36.0,21.5,207562.03252331127,96.0,8.0
ST4,0.0,38.80536575864227,0.9991634367870398,465.0,0.0,36.0,21.5,207562.03252331127,96.0,8.0
STA,1793.0,46.33240379252649,0.9217577706323687,465.0,0.0,36.0,21.5,207562.03252331127,96.0,8.0
STARFIELD,2762.0,38.80536575864227,0.9991634367870398,465.0,0.0,90.0,34.0,1975097.1666666667,34.0,6.0
STARFIELD EAST,2762.0,38.80536575864227,0.9991634367870398,465.0,0.0,4.0,4.0,207562.03252331127,1.0,1.0
STD,0.0,38.80536575864227,0.9991634367870398,465.0,0.0,36.0,21.5,207562.03252331127,96.0,8.0
STONEGATE LANDING,2762.0,38.80536575864227,0.9991634367870398,465.0,0.0,63.0,41.0,2167438.3268571426,37.0,4.0
STONEY 1,2762.0,38.80536575864227,0.9991634367870398,465.0,0.0,63.0,35.0,2559390.2740740743,27.0,4.0
STONEY 2,2762.0,38.80536575864227,0.9991634367870398,465.0,0.0,100.0,42.0,2089344.0075510205,51.0,4.0
STONEY 3,2762.0,38.80536575864227,0.9991634367870398,465.0,0.0,240.0,68.0,232224.19690140846,80.0,4.0
STONEY 4,2762.0,38.80536575864227,0.9991634367870398,465.0,0.0,3.0,1.0,207562.03252331127,96.0,8.0
STR,6842.0,39.20059923998831,0.9598968776854769,465.0,0.0,36.0,21.5,207562.03252331127,96.0,8.0
STRATHCONA PARK,2762.0,38.80536575864227,0.9991634367870398,465.0,0.0,24.0,19.0,105947.46718518519,142.0,8.0
SUN,0.0,38.80536575864227,0.9991634367870398,465.0,0.0,36.0,21.5,207562.03252331127,96.0,8.0
SUNALTA,2762.0,38.80536575864227,0.9991634367870398,465.0,0.0,136.0,51.0,1638853.7974545455,76.0,10.0
SUNDANCE,2762.0,38.80536575864227,0.9991634367870398,465.0,0.0,60.0,24.0,360920.43953125,136.0,11.0
SUNNYSIDE,2762.0,38.80536575864227,0.9991634367870398,465.0,0.0,96.0,30.0,484248.60031249997,85.0,8.0
SUNRIDGE,2762.0,38.80536575864227,0.9991634367870398,465.0,0.0,384.0,99.0,1209237.4518125,164.0,7.0
SVO,7603.0,32.332105747731156,0.9950144319076358,465.0,0.0,36.0,21.5,207562.03252331127,96.0,8.0
SYMONS VALLEY RANCH,2762.0,38.80536575864227,0.9991634367870398,465.0,0.0,36.0,21.5,10000.0,1.0,1.0
SYV,2658.0,30.438863807373966,1.0105900151285931,465.0,0.0,36.0,21.5,207562.03252331127,96.0,8.0
TAR,19002.0,32.09143774339543,1.0908890845070423,465.0,0.0,36.0,21.5,207562.03252331127,96.0,8.0
TARADALE,2762.0,38.80536575864227,0.9991634367870398,465.0,0.0,34.0,23.0,124368.05680373832,567.0,11.0
TEM,10954.0,36.222521453350375,1.0448011946985254,465.0,0.0,36.0,21.5,207562.03252331127,96.0,8.0
TEMPLE,2762.0,38.80536575864227,0.9991634367870398,465.0,0.0,51.0,23.0,275917.7838888889,115.0,10.0
THO,8762.0,39.41360419995435,1.0254276467868702,465.0,0.0,36.0,21.5,207562.03252331127,96.0,8.0
THORNCLIFFE,2762.0,38.80536575864227,0.9991634367870398,465.0,0.0,64.0,35.0,48329.35226890756,147.0,9.0
TUS,19836.0,33.60680076628353,0.9715734022462976,465.0,0.0,36.0,21.5,207562.03252331127,96.0,8.0
TUSCANY,2762.0,38.80536575864227,0.9991634367870398,465.0,0.0,15.0,13.0,142511.19456057006,858.0,11.0
TUX,5308.0,37.416352675207236,1.009844755774328,465.0,0.0,36.0,21.5,207562.03252331127,96.0,8.0
TUXEDO PARK,2762.0,38.80536575864227,0.9991634367870398,465.0,0.0,155.0,51.0,197548.10034482757,270.0,12.0
TWINHILLS,2762.0,38.80536575864227,0.9991634367870398,465.0,0.0,1.0,1.0,207562.03252331127,96.0,8.0
UMR,2469.0,41.1575536654516,1.0540765391014975,465.0,0.0,36.0,21.5,207562.03252331127,96.0,8.0
UND,695.0,24.600719424460433,1.068452380952381,465.0,0.0,36.0,21.5,207562.03252331127,96.0,8.0
UNDEFINED,2762.0,38.80536575864227,0.9991634367870398,465.0,0.0,36.0,21.5,616082.7238461538,20.0,8.0
UNI,2915.0,34.98164665523156,1.0427470217238963,465.0,0.0,36.0,21.5,207562.03252331127,96.0,8.0
UNIVERSITY DISTRICT,2762.0,38.80536575864227,0.9991634367870398,465.0,0.0,42.0,22.0,6113091.022857144,39.0,6.0
UNIVERSITY HEIGHTS,2762.0,38.80536575864227,0.9991634367870398,465.0,0.0,69.0,21.0,2792372.6669607842,113.0,9.0
UNIVERSITY OF CALGARY,2762.0,38.80536575864227,0.9991634367870398,465.0,0.0,13.0,12.0,2916352.0425,12.0,3.0
UOC,2363.0,26.41388066017774,0.9180194805194806,465.0,0.0,36.0,21.5,207562.03252331127,96.0,8.0
UPPER MOUNT ROYAL,2762.0,38.80536575864227,0.9991634367870398,465.0,0.0,7.0,1.0,285797.4225,118.0,9.0
VAF,0.0,38.80536575864227,0.9991634367870398,465.0,0.0,36.0,21.5,207562.03252331127,96.0,8.0
VAL,5581.0,40.92680523203727,0.975575221238938,465.0,0.0,36.0,21.5,207562.03252331127,96.0,8.0
VALLEY RIDGE,2762.0,38.80536575864227,0.9991634367870398,465.0,0.0,10.0,9.0,160291.69885350319,160.0,7.0
VALLEYFIELD,2762.0,38.80536575864227,0.9991634367870398,465.0,0.0,93.0,41.0,276828.3333333333,26.0,4.0
VAR,12846.0,42.355246769422386,0.9591276498398658,465.0,0.0,36.0,21.5,207562.03252331127,96.0,8.0
VARSITY,2762.0,38.80536575864227,0.9991634367870398,465.0,0.0,249.0,52.0,232635.1866532258,268.0,14.0
VIC,0.0,38.80536575864227,0.9991634367870398,465.0,0.0,36.0,21.5,207562.03252331127,96.0,8.0
VIS,2368.0,33.541173986486484,1.0016906170752324,465.0,0.0,36.0,21.5,207562.03252331127,96.0,8.0
VISTA HEIGHTS,2762.0,38.80536575864227,0.9991634367870398,465.0,0.0,36.0,22.0,77753.61045454546,24.0,4.0
WAL,6194.0,33.48950597352276,0.9307980049875312,465.0,0.0,36.0,21.5,207562.03252331127,96.0,8.0
WALDEN,2762.0,38.80536575864227,0.9991634367870398,465.0,0.0,36.0,18.0,270646.375209713,470.0,9.0
WBN,8844.0,41.37290818634102,1.022410244683284,465.0,0.0,36.0,21.5,207562.03252331127,96.0,8.0
WES,0.0,38.80536575864227,0.9991634367870398,465.0,0.0,36.0,21.5,207562.03252331127,96.0,8.0
WEST HILLHURST,2762.0,38.80536575864227,0.9991634367870398,465.0,0.0,130.0,52.0,198872.2582706767,405.0,10.0
WEST SPRINGS,2762.0,38.80536575864227,0.9991634367870398,465.0,0.0,105.0,38.0,341430.50629981025,550.0,11.0
WESTGATE,2762.0,38.80536575864227,0.9991634367870398,465.0,0.0,14.0,11.0,72271.453125,71.0,7.0
WESTWINDS,2762.0,38.80536575864227,0.9991634367870398,465.0,0.0,354.0,92.0,604820.758515625,139.0,8.0
WGT,3195.0,39.60704225352113,0.9387135922330098,465.0,0.0,36.0,21.5,207562.03252331127,96.0,8.0
WHI,11985.0,36.97847309136421,1.077483099323973,465.0,0.0,36.0,21.5,207562.03252331127,96.0,8.0
WHITEHORN,2762.0,38.80536575864227,0.9991634367870398,465.0,0.0,29.0,14.0,21760.543522727272,111.0,9.0
WHL,6421.0,37.41745833982246,0.9860810392824002,465.0,0.0,36.0,21.5,207562.03252331127,96.0,8.0
WIL,5296.0,43.08884063444109,1.0091047040971168,465.0,0.0,36.0,21.5,207562.03252331127,96.0,8.0
WILDWOOD,2762.0,38.80536575864227,0.9991634367870398,465.0,0.0,35.0,11.0,92993.39127659574,107.0,7.0
WILLOW PARK,2762.0,38.80536575864227,0.9991634367870398,465.0,0.0,317.0,76.0,164175.90466666664,231.0,12.0
WIN,3599.0,39.19630452903584,1.0589244851258581,465.0,0.0,36.0,21.5,207562.03252331127,96.0,8.0
WINDSOR PARK,2762.0,38.80536575864227,0.9991634367870398,465.0,0.0,64.0,31.0,575281.311728395,102.0,10.0
WINSTON HEIGHTS/MOUNTVIEW,2762.0,38.80536575864227,0.9991634367870398,465.0,0.0,34.0,29.0,158996.7766037736,210.0,12.0
WLD,2694.0,39.65311804008909,0.9578488372093024,465.0,0.0,36.0,21.5,207562.03252331127,96.0,8.0
WND,4572.0,39.49376640419948,0.9563543003851092,465.0,0.0,36.0,21.5,207562.03252331127,96.0,8.0
WOLF WILLOW,2762.0,38.80536575864227,0.9991634367870398,465.0,0.0,12.0,11.0,353674.89601694915,244.0,10.0
WOO,5987.0,40.290462669116415,0.966819973718791,465.0,0.0,36.0,21.5,207562.03252331127,96.0,8.0
WOODBINE,2762.0,38.80536575864227,0.9991634367870398,465.0,0.0,21.0,16.0,30113.50670212766,100.0,9.0
WOODLANDS,2762.0,38.80536575864227,0.9991634367870398,465.0,0.0,18.0,10.0,107516.77327586207,62.0,9.0
WSP,10718.0,32.39051128941967,0.9687729610580456,465.0,0.0,36.0,21.5,207562.03252331127,96.0,8.0
WWO,0.0,38.80536575864227,0.9991634367870398,465.0,0.0,36.0,21.5,207562.03252331127,96.0,8.0
X01,325.0,41.776923076923076,0.9696969696969697,465.0,0.0,36.0,21.5,207562.03252331127,96.0,8.0
X02,933.0,36.82207931404073,10.810126582278482,465.0,0.0,36.0,21.5,207562.03252331127,96.0,8.0
X03,51.0,40.42156862745098,1.125,465.0,0.0,36.0,21.5,207562.03252331127,96.0,8.0
X04,52.0,50.22115384615385,2.466666666666667,465.0,0.0,36.0,21.5,207562.03252331127,96.0,8.0
X05,43.0,41.72093023255814,1.15,465.0,0.0,36.0,21.5,207562.03252331127,96.0,8.0
X06,40.0,42.4,1.0,465.0,0.0,36.0,21.5,207562.03252331127,96.0,8.0
X07,15.0,35.833333333333336,2.75,465.0,0.0,36.0,21.5,207562.03252331127,96.0,8.0
X08,4.0,22.0,0.9991634367870398,465.0,0.0,36.0,21.5,207562.03252331127,96.0,8.0
X09,835.0,45.452095808383234,0.9509345794392523,465.0,0.0,36.0,21.5,207562.03252331127,96.0,8.0
X10,40.0,37.0,1.2222222222222223,465.0,0.0,36.0,21.5,207562.03252331127,96.0,8.0
X11,42.0,21.833333333333332,0.5,465.0,0.0,36.0,21.5,207562.03252331127,96.0,8.0
X12,317.0,40.58832807570978,1.1275167785234899,465.0,0.0,36.0,21.5,207562.03252331127,96.0,8.0
X13,167.0,30.838323353293415,1.141025641025641,465.0,0.0,36.0,21.5,207562.03252331127,96.0,8.0
X14,0.0,38.80536575864227,0.9991634367870398,465.0,0.0,36.0,21.5,207562.03252331127,96.0,8.0
YKV,0.0,38.80536575864227,0.9991634367870398,465.0,0.0,36.0,21.5,207562.03252331127,96.0,8.0
YORKVILLE,2762.0,38.80536575864227,0.9991634367870398,465.0,0.0,4.0,2.0,678755.3380597015,136.0,7.0
